<?xml version="1.0" encoding="UTF-8"?>
<project-private xmlns="http://www.netbeans.org/ns/project-private/1">
    <editor-bookmarks xmlns="http://www.netbeans.org/ns/editor-bookmarks/2" lastBookmarkId="0"/>
    <open-files xmlns="http://www.netbeans.org/ns/projectui-open-files/2">
        <group>
            <file>file:/C:/Users/esteb/Documents/TEC/Cuarto%20Semestre/Base%20de%20Datos/proyecto%20oracle%20refugiatec/ProyectoBD/ProyectoBD/src/view/candidate/RegisterCandidate.java</file>
            <file>file:/C:/Users/esteb/Documents/TEC/Cuarto%20Semestre/Base%20de%20Datos/proyecto%20oracle%20refugiatec/ProyectoBD/ProyectoBD/src/model/FillComboBox.java</file>
            <file>file:/C:/Users/esteb/Documents/TEC/Cuarto%20Semestre/Base%20de%20Datos/proyecto%20oracle%20refugiatec/ProyectoBD/ProyectoBD/src/view/rescuer/LogInRescuer.java</file>
            <file>file:/C:/Users/esteb/Documents/TEC/Cuarto%20Semestre/Base%20de%20Datos/proyecto%20oracle%20refugiatec/ProyectoBD/ProyectoBD/src/view/tempHouse/LogInTempHouse.java</file>
            <file>file:/C:/Users/esteb/Documents/TEC/Cuarto%20Semestre/Base%20de%20Datos/proyecto%20oracle%20refugiatec/ProyectoBD/ProyectoBD/src/control/SysConexion.java</file>
            <file>file:/C:/Users/esteb/Documents/TEC/Cuarto%20Semestre/Base%20de%20Datos/proyecto%20oracle%20refugiatec/ProyectoBD/ProyectoBD/src/view/candidate/LogInCandidate.java</file>
            <file>file:/C:/Users/esteb/Documents/TEC/Cuarto%20Semestre/Base%20de%20Datos/proyecto%20oracle%20refugiatec/ProyectoBD/ProyectoBD/src/view/rescuer/RegisterRescuer.java</file>
            <file>file:/C:/Users/esteb/Documents/TEC/Cuarto%20Semestre/Base%20de%20Datos/proyecto%20oracle%20refugiatec/ProyectoBD/ProyectoBD/src/view/rescuer/RegisterPT.java</file>
            <file>file:/C:/Users/esteb/Documents/TEC/Cuarto%20Semestre/Base%20de%20Datos/proyecto%20oracle%20refugiatec/ProyectoBD/ProyectoBD/src/view/tempHouse/RegisterTempHouse.java</file>
            <file>file:/C:/Users/esteb/Documents/TEC/Cuarto%20Semestre/Base%20de%20Datos/proyecto%20oracle%20refugiatec/ProyectoBD/ProyectoBD/src/view/tempHouse/MenuTempHouse.java</file>
        </group>
    </open-files>
</project-private>
